account,ar_sub_time,arid,cpu,department,end_time,exit_status,failed,granted_pe,group,hostname,io,iow,jobname,maxvmem,mem,owner,priority,project,qname,qsub_time,ru_idrss,ru_inblock,ru_ismrss,ru_isrss,ru_ixrss,ru_majflt,ru_maxrss,ru_minflt,ru_msgrcv,ru_msgsnd,ru_nivcsw,ru_nsignals,ru_nswap,ru_nvcsw,ru_oublock,ru_stime,ru_utime,ru_wallclock,slots,start_time,taskid,job_id,software,requested_h_vmem,requested_mem_free
sge,undefined,undefined,4.509s,defaultdepartment,2023-03-15 15:42:21,0,0,local,lieber_marmaypag,compute-121.cm.cluster,175606000,0.000s,snakejob.find_fqs.23.sh,135648000,55851000,neagles,0,NONE,shared.q,2023-03-15 15:41:24,0,21088,0,0,0,18,69219,391736,0,0,762,0,0,15667,648,1.602s,2.906s,36s,2,2023-03-15 15:41:45,undefined,3054339,wg-blimp,2e+10,2e+10
sge,undefined,undefined,7839.000s,defaultdepartment,2023-03-15 17:59:51,0,0,local,lieber_marmaypag,compute-151.cm.cluster,7.1048e+10,0.000s,snakejob.bwameth_indexing.10.sh,8.741e+09,3.2269e+13,neagles,0,NONE,shared.q,2023-03-15 15:41:24,0,6468968,0,0,0,146,952250,5077050,0,0,875,0,0,41912,12184672,12.119s,56.179s,8285s,2,2023-03-15 15:41:46,undefined,3054340,wg-blimp,2e+10,2e+10
sge,undefined,undefined,4.395s,defaultdepartment,2023-03-15 15:42:21,0,0,local,lieber_marmaypag,compute-121.cm.cluster,173647000,0.000s,snakejob.find_fqs.11.sh,135656000,49400000,neagles,0,NONE,shared.q,2023-03-15 15:41:24,0,48568,0,0,0,25,69305,390162,0,0,1224,0,0,16226,648,1.634s,2.761s,36s,2,2023-03-15 15:41:45,undefined,3054341,wg-blimp,2e+10,2e+10
sge,undefined,undefined,4.481s,defaultdepartment,2023-03-15 15:42:21,0,0,local,lieber_marmaypag,compute-121.cm.cluster,175607000,0.000s,snakejob.find_fqs.29.sh,135664000,54308000,neagles,0,NONE,shared.q,2023-03-15 15:41:24,0,81336,0,0,0,19,69223,391429,0,0,744,0,0,15575,648,1.635s,2.846s,36s,2,2023-03-15 15:41:45,undefined,3054342,wg-blimp,2e+10,2e+10
sge,undefined,undefined,4.347s,defaultdepartment,2023-03-15 15:42:21,0,0,local,lieber_marmaypag,compute-121.cm.cluster,175735000,0.000s,snakejob.find_fqs.17.sh,135668000,51889000,neagles,0,NONE,shared.q,2023-03-15 15:41:24,0,114040,0,0,0,30,69305,390838,0,0,863,0,0,16265,648,1.626s,2.721s,36s,2,2023-03-15 15:41:45,undefined,3054343,wg-blimp,2e+10,2e+10
sge,undefined,undefined,1299080.917s,defaultdepartment,2023-03-20 03:00:44,0,0,local,lieber_marmaypag,compute-120.cm.cluster,2.983e+12,0.000s,snakejob.bwameth_align.28.sh,1.3053e+10,1.5738524e+16,neagles,0,NONE,shared.q,2023-03-15 18:00:17,0,78246976,0,0,0,9047,12957000,28357064066,0,0,100448088,0,0,224730792,107254928,30309.007s,1268771.909s,378020s,2,2023-03-15 18:00:24,undefined,3054422,wg-blimp,2e+10,2e+10
sge,undefined,undefined,1329951.835s,defaultdepartment,2023-03-20 05:24:49,0,0,local,lieber_marmaypag,compute-120.cm.cluster,3.815e+12,0.000s,snakejob.bwameth_align.16.sh,1.2912e+10,1.5961516e+16,neagles,0,NONE,shared.q,2023-03-15 18:00:17,0,104950272,0,0,0,9232,12815000,26799206975,0,0,107394745,0,0,228597536,119959136,29304.015s,1300647.820s,386665s,2,2023-03-15 18:00:24,undefined,3054424,wg-blimp,2e+10,2e+10
sge,undefined,undefined,1008983.780s,defaultdepartment,2023-03-19 02:49:12,0,0,local,lieber_marmaypag,compute-119.cm.cluster,2.498e+12,0.000s,snakejob.bwameth_align.22.sh,1.3066e+10,1.224286e+16,neagles,0,NONE,shared.q,2023-03-15 18:00:17,0,88793488,0,0,0,290,12950000,23992168767,0,0,87347700,0,0,186522627,96074504,22209.082s,986774.697s,290928s,2,2023-03-15 18:00:24,undefined,3054425,wg-blimp,2e+10,2e+10
sge,undefined,undefined,7284.484s,defaultdepartment,2023-03-19 03:31:53,0,0,local,lieber_marmaypag,compute-143.cm.cluster,3.46743e+11,0.000s,snakejob.sort_bam.21.sh,3.409e+09,2.2667e+13,neagles,0,NONE,shared.q,2023-03-19 02:49:47,0,105297080,0,0,0,123,3340000,84191473,0,0,4753478,0,0,8485667,172138496,247.010s,7037.474s,2523s,2,2023-03-19 02:49:50,undefined,3059962,wg-blimp,2e+10,2e+10
sge,undefined,undefined,11775.066s,defaultdepartment,2023-03-19 06:40:39,0,0,local,lieber_marmaypag,compute-116.cm.cluster,2.6311e+11,0.000s,snakejob.mark_duplicates.20.sh,3.3315e+10,1.94878e+14,neagles,0,NONE,shared.q,2023-03-19 03:32:19,0,77619080,0,0,0,169,33245000,441525712,0,0,54478,0,0,394641,100597632,707.006s,11068.060s,11285s,2,2023-03-19 03:32:34,undefined,3059963,wg-blimp,2e+10,2e+10
sge,undefined,undefined,2887.032s,defaultdepartment,2023-03-19 07:29:43,0,0,local,lieber_marmaypag,compute-143.cm.cluster,7.5344e+10,0.000s,snakejob.fastqc.42.sh,582562000,1.204e+12,neagles,0,NONE,shared.q,2023-03-19 06:41:06,0,79267280,0,0,0,210,533461,3617018,0,0,3458,0,0,213241,8448,22.074s,2864.959s,2898s,2,2023-03-19 06:41:25,undefined,3059981,wg-blimp,2e+10,2e+10
sge,undefined,undefined,4562.751s,defaultdepartment,2023-03-19 07:57:37,0,0,local,lieber_marmaypag,compute-142.cm.cluster,1.18874e+11,0.000s,snakejob.picard_metrics.46.sh,2.19e+09,6.356e+12,neagles,0,NONE,shared.q,2023-03-19 06:41:06,0,85936096,0,0,0,168,2121000,21572419,0,0,6773,0,0,329672,10256,51.485s,4511.267s,4572s,2,2023-03-19 06:41:25,undefined,3059982,wg-blimp,2e+10,2e+10
sge,undefined,undefined,344.961s,defaultdepartment,2023-03-19 06:49:02,0,0,local,lieber_marmaypag,compute-148.cm.cluster,7.5248e+10,0.000s,snakejob.index_bam.19.sh,95234000,4.57e+09,neagles,0,NONE,shared.q,2023-03-19 06:41:06,0,79203136,0,0,0,124,68352,134509,0,0,1580,0,0,12220,17352,13.843s,331.118s,457s,2,2023-03-19 06:41:25,undefined,3059983,wg-blimp,2e+10,2e+10
sge,undefined,undefined,9558.144s,defaultdepartment,2023-03-19 08:11:13,0,0,local,lieber_marmaypag,compute-057.cm.cluster,7.5424e+10,0.000s,snakejob.qualimap.50.sh,2.8309e+10,2.17874e+14,neagles,0,NONE,shared.q,2023-03-19 06:41:06,0,79821288,0,0,0,412,28247000,235248054,0,0,639368,0,0,599161,9664,1042.296s,8515.849s,5392s,2,2023-03-19 06:41:21,undefined,3059984,wg-blimp,2e+10,2e+10
sge,undefined,undefined,1894.162s,defaultdepartment,2023-03-19 07:20:45,0,0,local,lieber_marmaypag,compute-116.cm.cluster,4.1266e+10,0.000s,snakejob.mbias.57.sh,111480000,6.4112e+10,neagles,0,NONE,shared.q,2023-03-19 06:49:05,0,85070400,0,0,0,3,71562,185496,0,0,2483,0,0,9852,280,26.624s,1867.538s,1899s,2,2023-03-19 06:49:06,undefined,3059985,wg-blimp,2e+10,2e+10
sge,undefined,undefined,1539.003s,defaultdepartment,2023-03-19 07:14:48,0,0,local,lieber_marmaypag,compute-127.cm.cluster,8.4079e+10,0.000s,snakejob.methyl_dackel.18.sh,112887000,5.3794e+10,neagles,0,NONE,shared.q,2023-03-19 06:49:05,0,85350408,0,0,0,121,68434,195297,0,0,84378,0,0,11160,1654416,37.547s,1501.455s,1542s,2,2023-03-19 06:49:06,undefined,3059986,wg-blimp,2e+10,2e+10
sge,undefined,undefined,68.785s,defaultdepartment,2023-03-19 07:16:48,0,0,local,lieber_marmaypag,compute-149.cm.cluster,970312000,0.000s,snakejob.bedgraph_to_methylation_ratio.34.sh,1.492e+09,6.8516e+10,neagles,0,NONE,shared.q,2023-03-19 07:15:17,0,2206984,0,0,0,290,1574000,1110428,0,0,647,0,0,19682,1618624,2.733s,66.052s,85s,2,2023-03-19 07:15:23,undefined,3059987,wg-blimp,2e+10,2e+10
sge,undefined,undefined,10794.163s,defaultdepartment,2023-03-20 05:17:35,0,0,local,lieber_marmaypag,compute-058.cm.cluster,3.79106e+11,0.000s,snakejob.sort_bam.27.sh,1.741e+09,1.6923e+13,neagles,0,NONE,shared.q,2023-03-20 03:01:21,0,112854152,0,0,0,121,1671000,126704461,0,0,12771287,0,0,18015642,185499704,529.585s,10264.577s,8172s,2,2023-03-20 03:01:23,undefined,3060308,wg-blimp,2e+10,2e+10
sge,undefined,undefined,11247.725s,defaultdepartment,2023-03-20 08:15:40,0,0,local,lieber_marmaypag,compute-141.cm.cluster,1.41561e+11,0.000s,snakejob.mark_duplicates.26.sh,3.3401e+10,1.88449e+14,neagles,0,NONE,shared.q,2023-03-20 05:17:38,0,162372824,0,0,0,181,33329000,510639253,0,0,37212,0,0,385588,109293720,477.642s,10770.082s,10679s,2,2023-03-20 05:17:41,undefined,3060313,wg-blimp,2e+10,2e+10
sge,undefined,undefined,6758.366s,defaultdepartment,2023-03-20 06:04:37,0,0,local,lieber_marmaypag,compute-141.cm.cluster,4.33805e+11,0.000s,snakejob.sort_bam.15.sh,3.409e+09,2.1069e+13,neagles,0,NONE,shared.q,2023-03-20 05:25:09,0,131241248,0,0,0,83,3340000,94975435,0,0,41665,0,0,7827623,215124688,226.286s,6532.080s,2366s,2,2023-03-20 05:25:11,undefined,3060314,wg-blimp,2e+10,2e+10
sge,undefined,undefined,12681.969s,defaultdepartment,2023-03-20 09:30:32,0,0,local,lieber_marmaypag,compute-116.cm.cluster,1.63455e+11,0.000s,snakejob.mark_duplicates.14.sh,2.9347e+10,2.04521e+14,neagles,0,NONE,shared.q,2023-03-20 06:04:52,0,95277784,0,0,0,0,29286000,361908472,0,0,33579,0,0,430835,124976128,470.175s,12211.794s,12337s,2,2023-03-20 06:04:55,undefined,3060319,wg-blimp,2e+10,2e+10
sge,undefined,undefined,3454.370s,defaultdepartment,2023-03-20 09:13:54,0,0,local,lieber_marmaypag,compute-141.cm.cluster,3.9892e+10,0.000s,snakejob.fastqc.43.sh,595234000,1.436e+12,neagles,0,NONE,shared.q,2023-03-20 08:16:04,0,24775384,0,0,0,74,527582,4110507,0,0,2978,0,0,252506,8880,26.471s,3427.898s,3458s,2,2023-03-20 08:16:16,undefined,3060333,wg-blimp,2e+10,2e+10
sge,undefined,undefined,327.916s,defaultdepartment,2023-03-20 08:23:41,0,0,local,lieber_marmaypag,compute-121.cm.cluster,7.9577e+10,0.000s,snakejob.index_bam.25.sh,99031000,4.645e+09,neagles,0,NONE,shared.q,2023-03-20 08:16:04,0,83580792,0,0,0,118,68422,135434,0,0,338,0,0,12721,17448,16.630s,311.286s,445s,2,2023-03-20 08:16:16,undefined,3060334,wg-blimp,2e+10,2e+10
sge,undefined,undefined,4276.515s,defaultdepartment,2023-03-20 08:44:52,0,0,local,lieber_marmaypag,compute-121.cm.cluster,3.993e+10,0.000s,snakejob.qualimap.51.sh,3.3234e+10,1.15897e+14,neagles,0,NONE,shared.q,2023-03-20 08:16:04,0,652904,0,0,0,171,33168000,123872999,0,0,86081,0,0,489745,5672,136.979s,4139.536s,1716s,2,2023-03-20 08:16:16,undefined,3060335,wg-blimp,2e+10,2e+10
sge,undefined,undefined,4861.194s,defaultdepartment,2023-03-20 09:40:32,0,0,local,lieber_marmaypag,compute-120.cm.cluster,2.08101e+11,0.000s,snakejob.picard_metrics.47.sh,2.194e+09,7.437e+12,neagles,0,NONE,shared.q,2023-03-20 08:16:04,0,90355392,0,0,0,105,2123000,25457402,0,0,5261,0,0,312465,10456,66.086s,4795.108s,5056s,2,2023-03-20 08:16:16,undefined,3060336,wg-blimp,2e+10,2e+10
sge,undefined,undefined,1930.874s,defaultdepartment,2023-03-20 08:56:04,0,0,local,lieber_marmaypag,compute-141.cm.cluster,4.3462e+10,0.000s,snakejob.mbias.58.sh,111031000,6.6149e+10,neagles,0,NONE,shared.q,2023-03-20 08:23:43,0,65181600,0,0,0,3,68328,189557,0,0,2048,0,0,9984,440,16.584s,1914.290s,1934s,2,2023-03-20 08:23:50,undefined,3060340,wg-blimp,2e+10,2e+10
sge,undefined,undefined,2116.728s,defaultdepartment,2023-03-20 08:59:10,0,0,local,lieber_marmaypag,compute-141.cm.cluster,4.4258e+10,0.000s,snakejob.methyl_dackel.24.sh,111652000,7.4623e+10,neagles,0,NONE,shared.q,2023-03-20 08:23:43,0,13456,0,0,0,3,68074,195043,0,0,1966,0,0,7826,1666352,16.097s,2100.631s,2119s,2,2023-03-20 08:23:51,undefined,3060341,wg-blimp,2e+10,2e+10
sge,undefined,undefined,69.087s,defaultdepartment,2023-03-20 09:00:51,0,0,local,lieber_marmaypag,compute-149.cm.cluster,1.764e+09,0.000s,snakejob.bedgraph_to_methylation_ratio.35.sh,1.245e+09,6.8379e+10,neagles,0,NONE,shared.q,2023-03-20 08:59:25,0,2113696,0,0,0,291,1587000,1117552,0,0,1155,0,0,16373,1626176,2.839s,66.248s,81s,2,2023-03-20 08:59:30,undefined,3060347,wg-blimp,2e+10,2e+10
sge,undefined,undefined,5296.411s,defaultdepartment,2023-03-20 10:02:05,0,0,local,lieber_marmaypag,compute-120.cm.cluster,4.6863e+10,0.000s,snakejob.qualimap.49.sh,3.3315e+10,1.55281e+14,neagles,0,NONE,shared.q,2023-03-20 09:30:58,0,98370560,0,0,0,274,33244000,163580987,0,0,142157,0,0,572631,5792,189.063s,5107.347s,1860s,2,2023-03-20 09:31:05,undefined,3060401,wg-blimp,2e+10,2e+10
sge,undefined,undefined,5457.103s,defaultdepartment,2023-03-20 11:01:38,0,0,local,lieber_marmaypag,compute-120.cm.cluster,2.42707e+11,0.000s,snakejob.picard_metrics.45.sh,2.2e+09,8.17e+12,neagles,0,NONE,shared.q,2023-03-20 09:30:58,0,70464,0,0,0,77,2128000,27760918,0,0,19138,0,0,332110,11136,78.159s,5378.943s,5433s,2,2023-03-20 09:31:05,undefined,3060402,wg-blimp,2e+10,2e+10
sge,undefined,undefined,6228.459s,defaultdepartment,2023-03-20 11:15:02,0,0,local,lieber_marmaypag,compute-062.cm.cluster,4.6855e+10,0.000s,snakejob.fastqc.41.sh,583281000,2.503e+12,neagles,0,NONE,shared.q,2023-03-20 09:30:58,0,508608,0,0,0,252,512332,7033429,0,0,11002,0,0,337475,11752,65.839s,6162.620s,6237s,2,2023-03-20 09:31:05,undefined,3060403,wg-blimp,2e+10,2e+10
sge,undefined,undefined,731.970s,defaultdepartment,2023-03-20 09:43:47,0,0,local,lieber_marmaypag,compute-062.cm.cluster,9.3505e+10,0.000s,snakejob.index_bam.13.sh,98645000,1.0466e+10,neagles,0,NONE,shared.q,2023-03-20 09:30:58,0,98102008,0,0,0,81,68336,136243,0,0,2103,0,0,10608,17408,46.756s,685.214s,762s,2,2023-03-20 09:31:05,undefined,3060404,wg-blimp,2e+10,2e+10
sge,undefined,undefined,1670.344s,defaultdepartment,2023-03-20 10:11:39,0,0,local,lieber_marmaypag,compute-121.cm.cluster,5.0465e+10,0.000s,snakejob.mbias.56.sh,113152000,5.7326e+10,neagles,0,NONE,shared.q,2023-03-20 09:43:48,0,104196672,0,0,0,5,68703,191033,0,0,2047,0,0,9739,280,23.993s,1646.351s,1669s,2,2023-03-20 09:43:50,undefined,3060405,wg-blimp,2e+10,2e+10
sge,undefined,undefined,2537.080s,defaultdepartment,2023-03-20 10:26:10,0,0,local,lieber_marmaypag,compute-141.cm.cluster,5.1232e+10,0.000s,snakejob.methyl_dackel.12.sh,112289000,8.9532e+10,neagles,0,NONE,shared.q,2023-03-20 09:43:48,0,98043912,0,0,0,1,68340,202602,0,0,2145,0,0,10356,1678648,19.520s,2517.560s,2539s,2,2023-03-20 09:43:51,undefined,3060406,wg-blimp,2e+10,2e+10
sge,undefined,undefined,69.125s,defaultdepartment,2023-03-20 10:28:07,0,0,local,lieber_marmaypag,compute-141.cm.cluster,1.814e+09,0.000s,snakejob.bedgraph_to_methylation_ratio.33.sh,1.587e+09,6.9181e+10,neagles,0,NONE,shared.q,2023-03-20 10:26:31,0,2042552,0,0,0,358,1596000,1094007,0,0,472,0,0,17788,1694112,2.926s,66.199s,81s,2,2023-03-20 10:26:46,undefined,3060413,wg-blimp,2e+10,2e+10
sge,undefined,undefined,1844.586s,defaultdepartment,2023-04-04 14:44:05,0,0,local,lieber_marmaypag,compute-122.cm.cluster,8.6937e+10,0.000s,snakejob.mbias.58.sh,113309000,6.3342e+10,neagles,0,NONE,shared.q,2023-04-04 14:12:39,0,89605680,0,0,0,40,69203,188352,0,0,256907,0,0,11867,280,28.371s,1816.215s,1875s,2,2023-04-04 14:12:50,undefined,3097716,wg-blimp,3e+10,3e+10
sge,undefined,undefined,1959.496s,defaultdepartment,2023-04-04 14:45:56,0,0,local,lieber_marmaypag,compute-122.cm.cluster,8.851e+10,0.000s,snakejob.methyl_dackel.24.sh,114355000,6.9221e+10,neagles,0,NONE,shared.q,2023-04-04 14:12:39,0,317320,0,0,0,113,68938,191277,0,0,2701,0,0,12079,1666192,30.553s,1928.943s,1986s,2,2023-04-04 14:12:50,undefined,3097717,wg-blimp,3e+10,3e+10
sge,undefined,undefined,67.377s,defaultdepartment,2023-04-04 14:48:29,0,0,local,lieber_marmaypag,compute-127.cm.cluster,1.806e+09,0.000s,snakejob.bedgraph_to_methylation_ratio.35.sh,1.49e+09,6.3291e+10,neagles,0,NONE,shared.q,2023-04-04 14:46:26,0,2201608,0,0,0,251,1587000,1148732,0,0,4499,0,0,20475,1626016,4.390s,62.987s,113s,2,2023-04-04 14:46:36,undefined,3097754,wg-blimp,3e+10,3e+10
sge,undefined,undefined,11.718s,defaultdepartment,2023-04-10 13:56:37,0,0,NONE,lieber_marmaypag,compute-093.cm.cluster,51589000,0.000s,nf-PreprocessInputs,496191000,1.95e+09,neagles,-20,NONE,bluejay.q,2023-04-10 13:55:52,0,265808,0,0,0,69,490125,665489,0,0,1791,0,0,11722,192,2.527s,9.191s,32s,1,2023-04-10 13:56:05,undefined,3112113,BiocMAP,3e+09,3e+09
sge,undefined,undefined,12050.606s,defaultdepartment,2023-04-10 15:41:13,0,0,local,lieber_marmaypag,compute-093.cm.cluster,7.4169e+10,0.000s,nf-FastQC_Untrimmed_(WGC052316L),565871000,4.933e+12,neagles,-20,NONE,bluejay.q,2023-04-10 13:56:39,0,155049888,0,0,0,25,558574,6259615,0,0,271265,0,0,491033,14256,301.413s,11749.193s,6263s,2,2023-04-10 13:56:50,undefined,3112114,BiocMAP,5e+09,5e+09
sge,undefined,undefined,14549.418s,defaultdepartment,2023-04-10 16:02:52,0,0,local,lieber_marmaypag,compute-097.cm.cluster,7.8745e+10,0.000s,nf-FastQC_Untrimmed_(WGC059613L),585859000,5.419e+12,neagles,-20,NONE,bluejay.q,2023-04-10 13:56:39,0,164508376,0,0,0,119,487602,11793866,0,0,298295,0,0,542916,15816,385.111s,14164.307s,7562s,2,2023-04-10 13:56:50,undefined,3112115,BiocMAP,5e+09,5e+09
sge,undefined,undefined,14521.015s,defaultdepartment,2023-04-10 16:02:10,0,0,local,lieber_marmaypag,compute-099.cm.cluster,1.55579e+11,0.000s,nf-FastQC_Untrimmed_(WGC059614L),567090000,6.141e+12,neagles,-20,NONE,bluejay.q,2023-04-10 13:56:40,0,162641824,0,0,0,117,572203,7068269,0,0,296405,0,0,543492,15672,356.268s,14164.747s,7520s,2,2023-04-10 13:56:50,undefined,3112116,BiocMAP,5e+09,5e+09
sge,undefined,undefined,14691.738s,defaultdepartment,2023-04-10 16:03:34,0,0,local,lieber_marmaypag,compute-095.cm.cluster,1.46183e+11,0.000s,nf-FastQC_Untrimmed_(WGC052317L),555117000,6.042e+12,neagles,-20,NONE,bluejay.q,2023-04-10 13:56:41,0,152784504,0,0,0,116,558621,7282537,0,0,301696,0,0,563084,15696,362.164s,14329.573s,7604s,2,2023-04-10 13:56:50,undefined,3112117,BiocMAP,5e+09,5e+09
sge,undefined,undefined,3191.480s,defaultdepartment,2023-04-10 17:34:15,0,0,NONE,lieber_marmaypag,compute-093.cm.cluster,1.104e+12,0.000s,nf-Trimming_(Prefix__WGC059614L),13070000,1.991e+09,neagles,-20,NONE,bluejay.q,2023-04-10 16:03:40,0,162540408,0,0,0,1,13355,5412625,0,0,89664,0,0,91915,627387784,304.099s,2887.381s,5427s,1,2023-04-10 16:03:48,undefined,3112873,BiocMAP,5e+09,5e+09
sge,undefined,undefined,3213.683s,defaultdepartment,2023-04-10 17:32:46,0,0,NONE,lieber_marmaypag,compute-093.cm.cluster,9.42024e+11,0.000s,nf-Trimming_(Prefix__WGC059613L),13820000,2.006e+09,neagles,-20,NONE,bluejay.q,2023-04-10 16:03:40,0,164407008,0,0,0,2,13355,5351648,0,0,50689,0,0,98965,628434848,307.796s,2905.887s,5338s,1,2023-04-10 16:03:48,undefined,3112874,BiocMAP,5e+09,5e+09
sge,undefined,undefined,2830.209s,defaultdepartment,2023-04-10 17:25:54,0,0,NONE,lieber_marmaypag,compute-093.cm.cluster,1.121e+12,0.000s,nf-Trimming_(Prefix__WGC052317L),119984000,1.76e+09,neagles,-20,NONE,bluejay.q,2023-04-10 16:03:40,0,152683720,0,0,0,2,13355,5091820,0,0,21467,0,0,123323,649503112,276.681s,2553.528s,4926s,1,2023-04-10 16:03:48,undefined,3112875,BiocMAP,5e+09,5e+09
sge,undefined,undefined,3805.766s,defaultdepartment,2023-04-10 17:38:11,0,0,NONE,lieber_marmaypag,compute-097.cm.cluster,1.531e+12,0.000s,nf-Trimming_(Prefix__WGC052316L),13816000,2.376e+09,neagles,-20,NONE,bluejay.q,2023-04-10 16:03:41,0,155001400,0,0,0,4,13355,5581755,0,0,25740,0,0,69515,666798792,352.347s,3453.419s,5663s,1,2023-04-10 16:03:48,undefined,3112876,BiocMAP,5e+09,5e+09
sge,undefined,undefined,3.224s,defaultdepartment,2023-04-10 17:41:15,0,0,NONE,lieber_marmaypag,compute-096.cm.cluster,31892000,0.000s,nf-WriteAriocConfigs_(WGC052317L),53824000,10593000,neagles,-20,NONE,bluejay.q,2023-04-10 17:40:26,0,175648,0,0,0,30,51727,332259,0,0,1120,0,0,8619,192,1.211s,2.013s,45s,1,2023-04-10 17:40:30,undefined,3113085,BiocMAP,2e+09,2e+09
sge,undefined,undefined,3.324s,defaultdepartment,2023-04-10 17:42:53,0,0,NONE,lieber_marmaypag,compute-099.cm.cluster,37834000,0.000s,nf-WriteAriocConfigs_(WGC059613L),54613000,7668000,neagles,-20,NONE,bluejay.q,2023-04-10 17:42:16,0,175560,0,0,0,26,51723,351223,0,0,880,0,0,8689,192,1.181s,2.143s,23s,1,2023-04-10 17:42:30,undefined,3113087,BiocMAP,2e+09,2e+09
sge,undefined,undefined,1.964s,defaultdepartment,2023-04-10 17:44:57,0,0,NONE,lieber_marmaypag,compute-097.cm.cluster,16604000,0.000s,nf-MakeRules,9832000,506462,neagles,-20,NONE,bluejay.q,2023-04-10 17:44:18,0,384,0,0,0,6,13355,177703,0,0,489,0,0,4432,176,0.882s,1.082s,29s,1,2023-04-10 17:44:28,undefined,3113091,BiocMAP,2e+09,2e+09
sge,undefined,undefined,3.369s,defaultdepartment,2023-04-10 17:46:57,0,0,NONE,lieber_marmaypag,compute-099.cm.cluster,56174000,0.000s,nf-WriteAriocConfigs_(WGC059614L),60359000,16815000,neagles,-20,NONE,bluejay.q,2023-04-10 17:45:44,0,2592,0,0,0,0,51723,361177,0,0,927,0,0,8292,208,1.245s,2.124s,59s,1,2023-04-10 17:45:58,undefined,3113095,BiocMAP,2e+09,2e+09
sge,undefined,undefined,4.239s,defaultdepartment,2023-04-10 17:47:29,0,0,NONE,lieber_marmaypag,compute-097.cm.cluster,43344000,0.000s,nf-WriteAriocConfigs_(WGC052316L),62785000,12701000,neagles,-20,NONE,bluejay.q,2023-04-10 17:46:43,0,174280,0,0,0,26,51723,465711,0,0,1098,0,0,9733,208,1.818s,2.421s,31s,1,2023-04-10 17:46:58,undefined,3113096,BiocMAP,2e+09,2e+09
sge,undefined,undefined,1905.545s,defaultdepartment,2023-04-10 19:11:43,0,0,local,lieber_marmaypag,compute-126.cm.cluster,1.449e+12,0.000s,nf-EncodeReads_(WGC052317L),1.018e+09,2.27672e+11,neagles,0,NONE,caracol.q,2023-04-10 17:48:48,0,777775304,0,0,0,6,1008000,6650266,0,0,10707,0,0,136158,768709312,271.301s,1634.244s,4962s,2,2023-04-10 17:49:01,undefined,3113099,BiocMAP,1e+10,1e+10
sge,undefined,undefined,1828.669s,defaultdepartment,2023-04-10 19:11:32,0,0,local,lieber_marmaypag,compute-126.cm.cluster,1.399e+12,0.000s,nf-EncodeReads_(WGC059613L),1.018e+09,2.22719e+11,neagles,0,NONE,caracol.q,2023-04-10 17:50:29,0,751380656,0,0,0,0,1008000,6231315,0,0,10992,0,0,126168,741703200,261.809s,1566.859s,4847s,2,2023-04-10 17:50:45,undefined,3113100,BiocMAP,1e+10,1e+10
sge,undefined,undefined,1833.203s,defaultdepartment,2023-04-10 18:59:07,0,0,local,lieber_marmaypag,compute-126.cm.cluster,2.795e+12,0.000s,nf-EncodeReads_(WGC059614L),1.018e+09,2.23467e+11,neagles,0,NONE,caracol.q,2023-04-10 17:50:54,0,752386056,0,0,0,6,1008000,6057202,0,0,10091,0,0,112689,740466104,269.502s,1563.701s,4088s,2,2023-04-10 17:50:59,undefined,3113101,BiocMAP,1e+10,1e+10
sge,undefined,undefined,1912.102s,defaultdepartment,2023-04-10 19:26:44,0,0,local,lieber_marmaypag,compute-126.cm.cluster,7.60547e+11,0.000s,nf-EncodeReads_(WGC052316L),1.016e+09,2.27646e+11,neagles,0,NONE,caracol.q,2023-04-10 18:39:51,0,745687856,0,0,0,69,1008000,5039093,0,0,9459,0,0,91093,789170472,271.126s,1640.976s,2806s,2,2023-04-10 18:39:58,undefined,3113132,BiocMAP,1e+10,1e+10
sge,undefined,undefined,10733.565s,defaultdepartment,2023-04-10 20:08:28,0,0,local,lieber_marmaypag,compute-126.cm.cluster,7.45388e+11,0.000s,nf-AlignReads_(WGC052317L),6.7157e+10,3.6629e+13,neagles,0,NONE,caracol.q,2023-04-10 19:27:12,0,620236200,0,0,0,82,67147000,54770216,0,0,7143103,0,0,96562404,940525208,3852.739s,6880.827s,2471s,10,2023-04-10 19:27:17,undefined,3113287,BiocMAP,3e+10,3e+10
sge,undefined,undefined,10563.516s,defaultdepartment,2023-04-10 20:52:21,0,0,local,lieber_marmaypag,compute-126.cm.cluster,7.31005e+11,0.000s,nf-AlignReads_(WGC059613L),6.7159e+10,3.6522e+13,neagles,0,NONE,caracol.q,2023-04-10 19:27:12,0,603373880,0,0,0,82,67149000,53011307,0,0,6839965,0,0,93893098,927241576,3698.973s,6864.543s,2618s,10,2023-04-10 20:08:43,undefined,3113288,BiocMAP,3e+10,3e+10
sge,undefined,undefined,10400.454s,defaultdepartment,2023-04-10 21:35:51,0,0,local,lieber_marmaypag,compute-126.cm.cluster,7.27328e+11,0.000s,nf-AlignReads_(WGC059614L),6.7159e+10,3.5495e+13,neagles,0,NONE,caracol.q,2023-04-10 19:27:13,0,586622296,0,0,0,83,67149000,49131459,0,0,6499056,0,0,92231135,920325648,3717.689s,6682.765s,2600s,10,2023-04-10 20:52:31,undefined,3113289,BiocMAP,3e+10,3e+10
sge,undefined,undefined,10574.243s,defaultdepartment,2023-04-10 22:21:30,0,0,local,lieber_marmaypag,compute-126.cm.cluster,7.5619e+11,0.000s,nf-AlignReads_(WGC052316L),6.716e+10,3.5303e+13,neagles,0,NONE,caracol.q,2023-04-10 19:27:14,0,602239184,0,0,0,83,67151000,49705108,0,0,6907250,0,0,99533087,950334560,3993.180s,6581.063s,2736s,10,2023-04-10 21:35:54,undefined,3113290,BiocMAP,3e+10,3e+10
sge,undefined,undefined,19939.173s,defaultdepartment,2023-04-11 01:42:38,0,0,local,lieber_marmaypag,compute-093.cm.cluster,3.484e+12,0.000s,nf-FilterAlignments_(WGC052317L),3.626e+09,1.4277e+13,neagles,-20,NONE,bluejay.q,2023-04-10 20:08:51,0,1022422184,0,0,0,96,2828000,176288166,0,0,55848274,0,0,86225161,175257368,1825.513s,18113.660s,20020s,2,2023-04-10 20:08:58,undefined,3113303,BiocMAP,8e+09,8e+09
sge,undefined,undefined,32026.146s,defaultdepartment,2023-04-11 05:14:04,0,0,local,lieber_marmaypag,compute-097.cm.cluster,3.762e+12,0.000s,nf-FilterAlignments_(WGC059613L),4.474e+09,2.4045e+13,neagles,-20,NONE,bluejay.q,2023-04-10 20:52:42,0,1042426920,0,0,0,11,3645000,207549656,0,0,67033443,0,0,112424379,241804880,2164.976s,29861.170s,30078s,2,2023-04-10 20:52:46,undefined,3113325,BiocMAP,8e+09,8e+09
sge,undefined,undefined,28402.809s,defaultdepartment,2023-04-11 05:00:14,0,0,local,lieber_marmaypag,compute-095.cm.cluster,3.605e+12,0.000s,nf-FilterAlignments_(WGC059614L),4.058e+09,2.1042e+13,neagles,-20,NONE,bluejay.q,2023-04-10 21:35:59,0,1018572360,0,0,0,22,3282000,48250772,0,0,62530282,0,0,100944458,215077720,1686.796s,26716.012s,26645s,2,2023-04-10 21:36:09,undefined,3113333,BiocMAP,8e+09,8e+09
sge,undefined,undefined,25751.346s,defaultdepartment,2023-04-11 04:55:54,0,0,local,lieber_marmaypag,compute-096.cm.cluster,3.599e+12,0.000s,nf-FilterAlignments_(WGC052316L),3.83e+09,1.886e+13,neagles,-20,NONE,bluejay.q,2023-04-10 22:21:34,0,1032691624,0,0,0,18,3033000,196867632,0,0,59531068,0,0,92305290,187172488,1802.276s,23949.070s,23654s,2,2023-04-10 22:21:40,undefined,3113360,BiocMAP,8e+09,8e+09
sge,undefined,undefined,14.265s,defaultdepartment,2023-04-11 16:07:14,0,0,NONE,lieber_marmaypag,compute-099.cm.cluster,53958000,0.000s,nf-PreprocessInputs,502566000,2.612e+09,neagles,-20,NONE,bluejay.q,2023-04-11 16:06:18,0,92208,0,0,0,36,490215,993642,0,0,2200,0,0,13983,192,3.458s,10.806s,54s,1,2023-04-11 16:06:20,undefined,3115023,BiocMAP,4e+09,4e+09
sge,undefined,undefined,23351.961s,defaultdepartment,2023-04-11 22:43:37,0,0,NONE,lieber_marmaypag,compute-099.cm.cluster,3.921e+12,0.000s,nf-MethylationExtraction_(WGC052317L),285387000,6.93282e+11,neagles,-20,NONE,bluejay.q,2023-04-11 16:07:52,0,172748080,0,0,0,256,81527,17657044,0,0,355204,0,0,255516,134652808,373.684s,22978.277s,23732s,1,2023-04-11 16:08:05,undefined,3115025,BiocMAP,5e+09,5e+09
sge,undefined,undefined,24347.428s,defaultdepartment,2023-04-11 23:08:41,0,0,NONE,lieber_marmaypag,compute-099.cm.cluster,3.933e+12,0.000s,nf-MethylationExtraction_(WGC052316L),90996000,7.44017e+11,neagles,-20,NONE,bluejay.q,2023-04-11 16:07:52,0,410534648,0,0,0,1513,68281,19124267,0,0,134510,0,0,280749,134760832,465.171s,23882.257s,25236s,1,2023-04-11 16:08:05,undefined,3115026,BiocMAP,5e+09,5e+09
sge,undefined,undefined,26165.500s,defaultdepartment,2023-04-11 23:27:36,0,0,NONE,lieber_marmaypag,compute-096.cm.cluster,3.983e+12,0.000s,nf-MethylationExtraction_(WGC059613L),86664000,8.10636e+11,neagles,-20,NONE,bluejay.q,2023-04-11 16:07:53,0,131093336,0,0,0,68,77703,20137641,0,0,122463,0,0,269461,135077000,383.256s,25782.244s,26371s,1,2023-04-11 16:08:05,undefined,3115027,BiocMAP,5e+09,5e+09
sge,undefined,undefined,24854.437s,defaultdepartment,2023-04-11 23:06:19,0,0,NONE,lieber_marmaypag,compute-097.cm.cluster,3.96e+12,0.000s,nf-MethylationExtraction_(WGC059614L),90578000,7.72561e+11,neagles,-20,NONE,bluejay.q,2023-04-11 16:08:03,0,150453872,0,0,0,57,81598,19037067,0,0,120949,0,0,255924,134903752,398.222s,24456.214s,25094s,1,2023-04-11 16:08:05,undefined,3115028,BiocMAP,5e+09,5e+09
sge,undefined,undefined,2504.581s,defaultdepartment,2023-04-11 23:58:53,0,0,local,lieber_marmaypag,compute-096.cm.cluster,2.442e+09,0.000s,nf-FormBsseqObjects_(chr10),2.2986e+10,1.6828e+13,neagles,-20,NONE,bluejay.q,2023-04-11 23:29:42,0,10109584,0,0,0,383,10255000,89987605,0,0,42860,0,0,64073,1096576,223.382s,2281.199s,1721s,2,2023-04-11 23:30:12,undefined,3116263,BiocMAP,3e+10,3e+10
sge,undefined,undefined,5374.261s,defaultdepartment,2023-04-12 00:26:27,0,0,local,lieber_marmaypag,compute-095.cm.cluster,1.627e+09,0.000s,nf-FormBsseqObjects_(chr1),3.7179e+10,6.55e+13,neagles,-20,NONE,bluejay.q,2023-04-11 23:30:12,0,22326376,0,0,0,483,18549000,25111310,0,0,59242,0,0,82115,1919792,144.546s,5229.715s,3349s,2,2023-04-11 23:30:38,undefined,3116266,BiocMAP,3e+10,3e+10
sge,undefined,undefined,2392.527s,defaultdepartment,2023-04-11 23:58:53,0,0,local,lieber_marmaypag,compute-096.cm.cluster,2.444e+09,0.000s,nf-FormBsseqObjects_(chr11),2.2251e+10,1.5263e+13,neagles,-20,NONE,bluejay.q,2023-04-11 23:30:14,0,9847240,0,0,0,303,10768000,91742211,0,0,106463,0,0,60289,1099552,222.093s,2170.435s,1695s,2,2023-04-11 23:30:38,undefined,3116267,BiocMAP,3e+10,3e+10
sge,undefined,undefined,2384.194s,defaultdepartment,2023-04-11 23:59:56,0,0,local,lieber_marmaypag,compute-097.cm.cluster,3.224e+09,0.000s,nf-FormBsseqObjects_(chr12),2.3161e+10,1.4985e+13,neagles,-20,NONE,bluejay.q,2023-04-11 23:31:05,0,9925072,0,0,0,383,10653000,93595185,0,0,31796,0,0,61874,1061064,237.083s,2147.111s,1720s,2,2023-04-11 23:31:16,undefined,3116270,BiocMAP,3e+10,3e+10
sge,undefined,undefined,1203.511s,defaultdepartment,2023-04-11 23:48:56,0,0,local,lieber_marmaypag,compute-095.cm.cluster,2.38e+09,0.000s,nf-FormBsseqObjects_(chr13),1.8012e+10,5.32e+12,neagles,-20,NONE,bluejay.q,2023-04-11 23:31:36,0,8797776,0,0,0,404,7876000,15637797,0,0,44254,0,0,48856,746712,66.183s,1137.328s,1025s,2,2023-04-11 23:31:51,undefined,3116274,BiocMAP,3e+10,3e+10
sge,undefined,undefined,1141.670s,defaultdepartment,2023-04-11 23:48:15,0,0,local,lieber_marmaypag,compute-093.cm.cluster,1.782e+09,0.000s,nf-FormBsseqObjects_(chr14),1.6598e+10,4.892e+12,neagles,-20,NONE,bluejay.q,2023-04-11 23:32:24,0,9050072,0,0,0,502,7642000,61841131,0,0,26040,0,0,52850,745616,137.753s,1003.917s,939s,2,2023-04-11 23:32:36,undefined,3116276,BiocMAP,3e+10,3e+10
sge,undefined,undefined,1357.964s,defaultdepartment,2023-04-11 23:50:33,0,0,local,lieber_marmaypag,compute-097.cm.cluster,1.887e+09,0.000s,nf-FormBsseqObjects_(chr15),1.6788e+10,5.807e+12,neagles,-20,NONE,bluejay.q,2023-04-11 23:32:42,0,6248408,0,0,0,303,7499000,60841159,0,0,46234,0,0,53832,722328,151.712s,1206.252s,1050s,2,2023-04-11 23:33:03,undefined,3116277,BiocMAP,3e+10,3e+10
sge,undefined,undefined,13.389s,defaultdepartment,2023-04-11 23:34:22,0,0,NONE,lieber_marmaypag,compute-099.cm.cluster,153028000,0.000s,nf-ParseReports,499320000,2.485e+09,neagles,-20,NONE,bluejay.q,2023-04-11 23:32:56,0,362040,0,0,0,162,490301,922668,0,0,2287,0,0,14937,200,2.930s,10.459s,85s,1,2023-04-11 23:32:57,undefined,3116279,BiocMAP,4e+09,4e+09
sge,undefined,undefined,1691.079s,defaultdepartment,2023-04-11 23:53:21,0,0,local,lieber_marmaypag,compute-095.cm.cluster,2.427e+09,0.000s,nf-FormBsseqObjects_(chr17),2.1473e+10,1.0254e+13,neagles,-20,NONE,bluejay.q,2023-04-11 23:33:05,0,8709128,0,0,0,404,9440000,17273996,0,0,31423,0,0,54596,765056,69.916s,1621.163s,1209s,2,2023-04-11 23:33:12,undefined,3116280,BiocMAP,3e+10,3e+10
sge,undefined,undefined,1419.008s,defaultdepartment,2023-04-11 23:51:07,0,0,local,lieber_marmaypag,compute-093.cm.cluster,1.229e+09,0.000s,nf-FormBsseqObjects_(chr16),2.0456e+10,7.585e+12,neagles,-20,NONE,bluejay.q,2023-04-11 23:33:12,0,8450032,0,0,0,404,8978000,67907674,0,0,54623,0,0,55101,740560,157.306s,1261.702s,1053s,2,2023-04-11 23:33:34,undefined,3116282,BiocMAP,3e+10,3e+10
sge,undefined,undefined,1468.847s,defaultdepartment,2023-04-11 23:50:54,0,0,local,lieber_marmaypag,compute-097.cm.cluster,1.048e+09,0.000s,nf-FormBsseqObjects_(chr19),1.9109e+10,7.586e+12,neagles,-20,NONE,bluejay.q,2023-04-11 23:33:21,0,4898960,0,0,0,300,8417000,54002049,0,0,31683,0,0,53398,582592,135.842s,1333.005s,1040s,2,2023-04-11 23:33:34,undefined,3116285,BiocMAP,3e+10,3e+10
sge,undefined,undefined,971.142s,defaultdepartment,2023-04-11 23:47:45,0,0,local,lieber_marmaypag,compute-095.cm.cluster,1.536e+09,0.000s,nf-FormBsseqObjects_(chr18),1.6038e+10,3.696e+12,neagles,-20,NONE,bluejay.q,2023-04-11 23:33:21,0,7356952,0,0,0,404,6877000,14461643,0,0,34941,0,0,50964,630472,56.885s,914.257s,850s,2,2023-04-11 23:33:35,undefined,3116288,BiocMAP,3e+10,3e+10
sge,undefined,undefined,4364.285s,defaultdepartment,2023-04-12 00:19:36,0,0,local,lieber_marmaypag,compute-093.cm.cluster,2.795e+09,0.000s,nf-FormBsseqObjects_(chr2),3.5637e+10,4.868e+13,neagles,-20,NONE,bluejay.q,2023-04-11 23:33:26,0,22339728,0,0,0,404,16038000,151292705,0,0,52762,0,0,77156,1891816,349.096s,4015.189s,2762s,2,2023-04-11 23:33:34,undefined,3116289,BiocMAP,3e+10,3e+10
sge,undefined,undefined,1004.295s,defaultdepartment,2023-04-11 23:47:23,0,0,local,lieber_marmaypag,compute-098.cm.cluster,1.042e+09,0.000s,nf-FormBsseqObjects_(chr20),1.4567e+10,3.742e+12,neagles,-20,NONE,bluejay.q,2023-04-11 23:33:35,0,5352000,0,0,0,391,6295000,29868974,0,0,8524,0,0,49889,584800,79.122s,925.173s,820s,2,2023-04-11 23:33:43,undefined,3116290,BiocMAP,3e+10,3e+10
sge,undefined,undefined,498.070s,defaultdepartment,2023-04-11 23:55:29,0,0,local,lieber_marmaypag,compute-098.cm.cluster,1.226e+09,0.000s,nf-FormBsseqObjects_(chr21),1.0892e+10,1.178e+12,neagles,-20,NONE,bluejay.q,2023-04-11 23:33:35,0,2884648,0,0,0,150,4665000,14644110,0,0,5956,0,0,37128,332128,41.393s,456.677s,467s,2,2023-04-11 23:47:42,undefined,3116291,BiocMAP,3e+10,3e+10
sge,undefined,undefined,656.346s,defaultdepartment,2023-04-11 23:56:47,0,0,local,lieber_marmaypag,compute-095.cm.cluster,1.156e+09,0.000s,nf-FormBsseqObjects_(chr22),1.2468e+10,1.963e+12,neagles,-20,NONE,bluejay.q,2023-04-11 23:33:43,0,4309016,0,0,0,200,5298000,11796734,0,0,25576,0,0,43422,395208,40.999s,615.348s,538s,2,2023-04-11 23:47:49,undefined,3116293,BiocMAP,3e+10,3e+10
sge,undefined,undefined,2928.673s,defaultdepartment,2023-04-12 00:20:44,0,0,local,lieber_marmaypag,compute-093.cm.cluster,2.263e+09,0.000s,nf-FormBsseqObjects_(chr3),2.7609e+10,2.3515e+13,neagles,-20,NONE,bluejay.q,2023-04-11 23:33:43,0,17877952,0,0,0,451,13464000,122194405,0,0,39967,0,0,70877,1520648,275.916s,2652.757s,1946s,2,2023-04-11 23:48:18,undefined,3116294,BiocMAP,3e+10,3e+10
sge,undefined,undefined,2833.178s,defaultdepartment,2023-04-12 00:20:19,0,0,local,lieber_marmaypag,compute-095.cm.cluster,1.164e+09,0.000s,nf-FormBsseqObjects_(chr5),2.5173e+10,2.1704e+13,neagles,-20,NONE,bluejay.q,2023-04-11 23:33:55,0,16199424,0,0,0,404,12417000,20450460,0,0,53482,0,0,61513,1377944,107.432s,2725.746s,1876s,2,2023-04-11 23:49:03,undefined,3116295,BiocMAP,3e+10,3e+10
sge,undefined,undefined,3011.501s,defaultdepartment,2023-04-12 00:24:42,0,0,local,lieber_marmaypag,compute-097.cm.cluster,1.19e+09,0.000s,nf-FormBsseqObjects_(chr4),2.5019e+10,2.2068e+13,neagles,-20,NONE,bluejay.q,2023-04-11 23:34:01,0,14807760,0,0,0,389,12172000,112447778,0,0,83888,0,0,66189,1381976,278.508s,2732.993s,2031s,2,2023-04-11 23:50:51,undefined,3116296,BiocMAP,3e+10,3e+10
sge,undefined,undefined,2998.572s,defaultdepartment,2023-04-12 00:24:00,0,0,local,lieber_marmaypag,compute-097.cm.cluster,2.002e+09,0.000s,nf-FormBsseqObjects_(chr6),2.9343e+10,2.3592e+13,neagles,-20,NONE,bluejay.q,2023-04-11 23:34:02,0,11455064,0,0,0,303,13341000,106469412,0,0,43022,0,0,63094,1307056,269.634s,2728.938s,1974s,2,2023-04-11 23:51:06,undefined,3116297,BiocMAP,3e+10,3e+10
sge,undefined,undefined,2111.060s,defaultdepartment,2023-04-12 00:15:40,0,0,local,lieber_marmaypag,compute-093.cm.cluster,2.485e+09,0.000s,nf-FormBsseqObjects_(chr8),2.341e+10,1.3323e+13,neagles,-20,NONE,bluejay.q,2023-04-11 23:34:18,0,13157576,0,0,0,409,10797000,97273523,0,0,30901,0,0,56651,1132256,234.800s,1876.260s,1460s,2,2023-04-11 23:51:20,undefined,3116298,BiocMAP,3e+10,3e+10
sge,undefined,undefined,2810.506s,defaultdepartment,2023-04-12 00:24:04,0,0,local,lieber_marmaypag,compute-095.cm.cluster,1.925e+09,0.000s,nf-FormBsseqObjects_(chr7),2.592e+10,2.1937e+13,neagles,-20,NONE,bluejay.q,2023-04-11 23:34:28,0,14604792,0,0,0,404,12745000,19032898,0,0,35195,0,0,61022,1263568,97.671s,2712.835s,1829s,2,2023-04-11 23:53:35,undefined,3116300,BiocMAP,3e+10,3e+10
sge,undefined,undefined,2015.159s,defaultdepartment,2023-04-12 00:18:56,0,0,local,lieber_marmaypag,compute-098.cm.cluster,2.267e+09,0.000s,nf-FormBsseqObjects_(chr9),2.0673e+10,1.2176e+13,neagles,-20,NONE,bluejay.q,2023-04-11 23:34:35,0,6231304,0,0,0,244,9894000,51330550,0,0,10967,0,0,51487,978960,131.913s,1883.246s,1394s,2,2023-04-11 23:55:42,undefined,3116302,BiocMAP,3e+10,3e+10
sge,undefined,undefined,29.058s,defaultdepartment,2023-04-11 23:57:46,0,0,local,lieber_marmaypag,compute-095.cm.cluster,71570000,0.000s,nf-FormBsseqObjects_(chrM),2.344e+09,1.2792e+10,neagles,-20,NONE,bluejay.q,2023-04-11 23:34:35,0,2600,0,0,0,4,802797,1876092,0,0,1650,0,0,13823,1240,4.358s,24.700s,52s,2,2023-04-11 23:56:54,undefined,3116303,BiocMAP,3e+10,3e+10
sge,undefined,undefined,2127.027s,defaultdepartment,2023-04-12 00:22:34,0,0,local,lieber_marmaypag,compute-095.cm.cluster,1.601e+09,0.000s,nf-FormBsseqObjects_(chrX),2.2363e+10,1.3556e+13,neagles,-20,NONE,bluejay.q,2023-04-11 23:34:40,0,13735920,0,0,0,404,10862000,18594453,0,0,30255,0,0,53684,1092112,90.539s,2036.488s,1481s,2,2023-04-11 23:57:53,undefined,3116304,BiocMAP,3e+10,3e+10
sge,undefined,undefined,287.800s,defaultdepartment,2023-04-12 00:04:40,0,0,local,lieber_marmaypag,compute-096.cm.cluster,416920000,0.000s,nf-FormBsseqObjects_(chrY),5.167e+09,3.94472e+11,neagles,-20,NONE,bluejay.q,2023-04-11 23:34:40,0,1748864,0,0,0,99,2278000,19233800,0,0,9395,0,0,29414,183128,44.573s,243.227s,331s,2,2023-04-11 23:59:09,undefined,3116305,BiocMAP,3e+10,3e+10
sge,undefined,undefined,8007.440s,defaultdepartment,2023-04-12 02:40:56,0,0,NONE,lieber_marmaypag,compute-097.cm.cluster,2.694e+10,0.000s,nf-MergeBsseqObjects_(2),1.24552e+11,6.52428e+14,neagles,-20,NONE,bluejay.q,2023-04-12 00:26:54,0,10414472,0,0,0,33,124647000,477756193,0,0,46124,0,0,124091,11862624,1419.114s,6588.326s,8028s,1,2023-04-12 00:27:08,undefined,3116489,BiocMAP,1.8e+11,1.8e+11
sge,undefined,undefined,165.423s,defaultdepartment,2023-04-12 00:29:59,0,0,NONE,lieber_marmaypag,compute-098.cm.cluster,3.991e+09,0.000s,nf-MergeBsseqObjects_(1),3.029e+09,3.60713e+11,neagles,-20,NONE,bluejay.q,2023-04-12 00:26:54,0,1778944,0,0,0,1,3019000,2281133,0,0,2024,0,0,26105,1878648,9.192s,156.232s,171s,1,2023-04-12 00:27:08,undefined,3116490,BiocMAP,6e+10,6e+10
sge,undefined,undefined,1210342.759s,defaultdepartment,2023-04-17 23:41:44,0,0,local,lieber_marmaypag,compute-098.cm.cluster,9.925e+12,0.000s,nf-NFCORE_METHYLSEQ_METHYLSEQ_BISMARK_BISMARK_ALIGN_(WGC052316L),9.662e+09,3.705315e+15,neagles,-20,NONE,bluejay.q,2023-04-12 09:41:41,0,864172068,0,0,0,865,3236000,4243439826,0,0,4444986,0,0,219286942,746061160,11054.497s,1199288.262s,482389s,12,2023-04-12 09:41:55,undefined,3116961,MethylSeq,6e+09,6e+09
sge,undefined,undefined,1179643.474s,defaultdepartment,2023-04-18 00:22:05,0,0,local,lieber_marmaypag,compute-095.cm.cluster,5.618e+12,0.000s,nf-NFCORE_METHYLSEQ_METHYLSEQ_BISMARK_BISMARK_ALIGN_(WGC059613L),9.666e+09,3.614499e+15,neagles,-20,NONE,bluejay.q,2023-04-12 09:41:41,0,872825558,0,0,0,780,3235000,5348554273,0,0,4850588,0,0,209999845,732269888,12215.197s,1167428.277s,484810s,12,2023-04-12 09:41:55,undefined,3116962,MethylSeq,6e+09,6e+09
sge,undefined,undefined,1090653.651s,defaultdepartment,2023-04-17 06:44:23,0,0,local,lieber_marmaypag,compute-093.cm.cluster,1.5047e+13,0.000s,nf-NFCORE_METHYLSEQ_METHYLSEQ_BISMARK_BISMARK_ALIGN_(WGC059614L),9.654e+09,3.300344e+15,neagles,-20,NONE,bluejay.q,2023-04-12 09:41:47,0,872124334,0,0,0,856,3233000,11206192077,0,0,4375075,0,0,194333615,729908888,20298.973s,1070354.678s,421348s,12,2023-04-12 09:41:55,undefined,3116964,MethylSeq,6e+09,6e+09
sge,undefined,undefined,15127.966s,defaultdepartment,2023-04-17 08:53:22,0,0,local,lieber_marmaypag,compute-099.cm.cluster,1.67e+12,0.000s,nf-NFCORE_METHYLSEQ_METHYLSEQ_BISMARK_BISMARK_DEDUPLICATE_(WGC059614L),2.7716e+10,1.02706e+14,neagles,-20,NONE,bluejay.q,2023-04-17 06:44:27,0,168911190,0,0,0,178,27684000,385264264,0,0,148979,0,0,42281761,88055600,1147.985s,13979.981s,7727s,12,2023-04-17 06:44:35,undefined,3124023,MethylSeq,6e+09,6e+09
sge,undefined,undefined,9556.269s,defaultdepartment,2023-04-17 09:30:50,0,0,local,lieber_marmaypag,compute-093.cm.cluster,2.93509e+11,0.000s,nf-NFCORE_METHYLSEQ_METHYLSEQ_BISMARK_SAMTOOLS_SORT_ALIGNED_(WGC059614L),892621000,7.565e+12,neagles,-20,NONE,bluejay.q,2023-04-17 06:44:30,0,201649814,0,0,0,110,854051,159813241,0,0,34456,0,0,2520368,277448168,391.172s,9165.097s,9975s,6,2023-04-17 06:44:35,undefined,3124024,MethylSeq,3e+09,NA
sge,undefined,undefined,5384.712s,defaultdepartment,2023-04-17 10:27:39,0,0,local,lieber_marmaypag,compute-093.cm.cluster,1.63612e+11,0.000s,nf-NFCORE_METHYLSEQ_METHYLSEQ_BISMARK_SAMTOOLS_SORT_DEDUPLICATED_(WGC059614L),867406000,4.197e+12,neagles,-20,NONE,bluejay.q,2023-04-17 08:53:36,0,109639498,0,0,0,158,841832,105905186,0,0,43758,0,0,1768196,161028144,226.692s,5158.020s,5639s,6,2023-04-17 08:53:40,undefined,3124050,MethylSeq,3e+09,NA
sge,undefined,undefined,106481.490s,defaultdepartment,2023-04-18 05:07:59,0,0,local,lieber_marmaypag,compute-095.cm.cluster,1.767e+12,0.000s,nf-NFCORE_METHYLSEQ_METHYLSEQ_BISMARK_BISMARK_METHYLATIONEXTRACTOR_(WGC059614L),2.879e+09,1.056e+13,neagles,-20,NONE,bluejay.q,2023-04-17 08:53:42,0,94267144,0,0,0,77,2822000,598307775,0,0,1131239,0,0,3095737782,91282392,23066.913s,83414.577s,72844s,12,2023-04-17 08:53:55,undefined,3124051,MethylSeq,6e+09,6e+09
sge,undefined,undefined,5730.954s,defaultdepartment,2023-04-17 11:06:37,0,0,NONE,lieber_marmaypag,compute-099.cm.cluster,1.03297e+11,0.000s,nf-NFCORE_METHYLSEQ_METHYLSEQ_PRESEQ_LCEXTRAP_(WGC059614L),46531000,5.5847e+10,neagles,-20,NONE,bluejay.q,2023-04-17 09:30:54,0,108464498,0,0,0,127,25719,4958985,0,0,27872,0,0,57289,4464,48.425s,5682.529s,5733s,1,2023-04-17 09:31:04,undefined,3124063,MethylSeq,2e+10,2e+10
sge,undefined,undefined,27038.838s,defaultdepartment,2023-04-17 12:11:45,0,0,local,lieber_marmaypag,compute-093.cm.cluster,6.4188e+10,0.000s,nf-NFCORE_METHYLSEQ_METHYLSEQ_QUALIMAP_BAMQC_(WGC059614L),6.671e+09,1.70136e+14,neagles,-20,NONE,bluejay.q,2023-04-17 10:27:51,0,125516,0,0,0,233,6654000,157447468,0,0,103381,0,0,1216058,9800,340.045s,26698.793s,6222s,6,2023-04-17 10:28:03,undefined,3124086,MethylSeq,3e+09,NA
sge,undefined,undefined,13196.761s,defaultdepartment,2023-04-18 01:34:10,0,0,local,lieber_marmaypag,compute-093.cm.cluster,4.116e+12,0.000s,nf-NFCORE_METHYLSEQ_METHYLSEQ_BISMARK_BISMARK_DEDUPLICATE_(WGC052316L),2.9809e+10,1.06179e+14,neagles,-20,NONE,bluejay.q,2023-04-17 23:41:50,0,170190248,0,0,0,91,29777000,398878702,0,0,60684,0,0,48390978,82418176,985.018s,12211.743s,6735s,12,2023-04-17 23:41:55,undefined,3125324,MethylSeq,6e+09,6e+09
sge,undefined,undefined,13214.097s,defaultdepartment,2023-04-18 03:30:49,0,0,local,lieber_marmaypag,compute-096.cm.cluster,5.77724e+11,0.000s,nf-NFCORE_METHYLSEQ_METHYLSEQ_BISMARK_SAMTOOLS_SORT_ALIGNED_(WGC052316L),888344000,1.0529e+13,neagles,-20,NONE,bluejay.q,2023-04-17 23:41:50,0,177076654,0,0,0,142,860238,262777272,0,0,316029,0,0,2668715,268029024,523.698s,12690.399s,13734s,6,2023-04-17 23:41:55,undefined,3125325,MethylSeq,3e+09,NA
sge,undefined,undefined,12722.473s,defaultdepartment,2023-04-18 04:03:24,0,0,local,lieber_marmaypag,compute-097.cm.cluster,2.90028e+11,0.000s,nf-NFCORE_METHYLSEQ_METHYLSEQ_BISMARK_SAMTOOLS_SORT_ALIGNED_(WGC059613L),880730000,1.0076e+13,neagles,-20,NONE,bluejay.q,2023-04-18 00:22:30,0,279846510,0,0,0,121,852840,222868136,0,0,61532,0,0,2767510,275327232,540.084s,12182.389s,13243s,6,2023-04-18 00:22:41,undefined,3125411,MethylSeq,3e+09,NA
sge,undefined,undefined,15215.979s,defaultdepartment,2023-04-18 02:32:39,0,0,local,lieber_marmaypag,compute-098.cm.cluster,2.79e+12,0.000s,nf-NFCORE_METHYLSEQ_METHYLSEQ_BISMARK_BISMARK_DEDUPLICATE_(WGC059613L),2.8865e+10,9.7839e+13,neagles,-20,NONE,bluejay.q,2023-04-18 00:22:30,0,166123270,0,0,0,173,28828000,339109825,0,0,71014,0,0,40903649,96700032,949.664s,14266.315s,7798s,12,2023-04-18 00:22:41,undefined,3125412,MethylSeq,6e+09,6e+09
sge,undefined,undefined,5248.774s,defaultdepartment,2023-04-18 03:06:18,0,0,local,lieber_marmaypag,compute-093.cm.cluster,1.53045e+11,0.000s,nf-NFCORE_METHYLSEQ_METHYLSEQ_BISMARK_SAMTOOLS_SORT_DEDUPLICATED_(WGC052316L),879199000,4.099e+12,neagles,-20,NONE,bluejay.q,2023-04-18 01:34:33,0,24510806,0,0,0,100,845051,98477074,0,0,18271,0,0,1446307,149986728,207.504s,5041.270s,5490s,6,2023-04-18 01:34:48,undefined,3125539,MethylSeq,3e+09,NA
sge,undefined,undefined,6082.894s,defaultdepartment,2023-04-18 04:19:15,0,0,local,lieber_marmaypag,compute-093.cm.cluster,1.79149e+11,0.000s,nf-NFCORE_METHYLSEQ_METHYLSEQ_BISMARK_SAMTOOLS_SORT_DEDUPLICATED_(WGC059613L),865500000,4.745e+12,neagles,-20,NONE,bluejay.q,2023-04-18 02:32:45,0,112628446,0,0,0,98,839762,136610988,0,0,72378,0,0,2083571,175887568,269.695s,5813.198s,6387s,6,2023-04-18 02:32:48,undefined,3125609,MethylSeq,3e+09,NA
sge,undefined,undefined,28348.745s,defaultdepartment,2023-04-18 04:58:08,0,0,local,lieber_marmaypag,compute-093.cm.cluster,8.8275e+10,0.000s,nf-NFCORE_METHYLSEQ_METHYLSEQ_QUALIMAP_BAMQC_(WGC052316L),6.853e+09,1.80428e+14,neagles,-20,NONE,bluejay.q,2023-04-18 03:06:23,0,31595788,0,0,0,167,6816000,158877352,0,0,122016,0,0,1292007,10216,319.768s,28028.977s,6695s,6,2023-04-18 03:06:33,undefined,3125667,MethylSeq,3e+09,NA
sge,undefined,undefined,6493.271s,defaultdepartment,2023-04-18 05:19:33,0,0,NONE,lieber_marmaypag,compute-096.cm.cluster,4.8023e+10,0.000s,nf-NFCORE_METHYLSEQ_METHYLSEQ_PRESEQ_LCEXTRAP_(WGC052316L),45199000,4.4347e+10,neagles,-20,NONE,bluejay.q,2023-04-18 03:30:52,0,329196,0,0,0,125,25734,5400673,0,0,268277,0,0,61544,9672,36.061s,6457.210s,6510s,1,2023-04-18 03:31:03,undefined,3125692,MethylSeq,2e+10,2e+10
sge,undefined,undefined,5590.255s,defaultdepartment,2023-04-18 05:37:12,0,0,NONE,lieber_marmaypag,compute-096.cm.cluster,5.1867e+10,0.000s,nf-NFCORE_METHYLSEQ_METHYLSEQ_PRESEQ_LCEXTRAP_(WGC059613L),47684000,6.9392e+10,neagles,-20,NONE,bluejay.q,2023-04-18 04:03:37,0,108630396,0,0,0,54,25711,4904383,0,0,238962,0,0,56010,7968,45.200s,5545.055s,5606s,1,2023-04-18 04:03:46,undefined,3125727,MethylSeq,2e+10,2e+10
sge,undefined,undefined,34528.687s,defaultdepartment,2023-04-18 06:32:25,0,0,local,lieber_marmaypag,compute-097.cm.cluster,1.04558e+11,0.000s,nf-NFCORE_METHYLSEQ_METHYLSEQ_QUALIMAP_BAMQC_(WGC059613L),6.699e+09,2.1793e+14,neagles,-20,NONE,bluejay.q,2023-04-18 04:19:17,0,73221396,0,0,0,237,6674000,194034181,0,0,154735,0,0,1366352,11560,458.649s,34070.038s,7974s,6,2023-04-18 04:19:31,undefined,3125743,MethylSeq,3e+09,NA
sge,undefined,undefined,2.452s,defaultdepartment,2023-04-18 05:08:58,0,0,local,lieber_marmaypag,compute-093.cm.cluster,18909000,0.000s,nf-NFCORE_METHYLSEQ_METHYLSEQ_BISMARK_BISMARK_REPORT_(WGC059614L),46012000,2598000,neagles,-20,NONE,bluejay.q,2023-04-18 05:08:42,0,11058,0,0,0,55,298789,150203,0,0,349,0,0,6984,6384,0.943s,1.509s,4s,2,2023-04-18 05:08:54,undefined,3125797,MethylSeq,2e+10,2e+10
